id,title
[0],"I am getting error during npm install, not installing all packages"
[1],Why does joining two related CSV files by using a join clause produce a single element instead of a sequence of elements?
[2],Redirecting stdin to stdout
[3],RadioGroup not getting the correct values from the radio buttons - Material UI
[4],POST https://google-translate1.p.rapidapi.com/language/translate/v2 502 (Bad Gateway) When fetching in React
[5],How to disable auto editing of NSOutlineView
[6],Display value shoe false in console
[7],How to SSH into WSL [closed]
[8],How to applying VBA function to selected range and paste results in same range?
[9],"Bootstrap, container-fluid class can't change the padding"
[10],How do I get Version Control Tab to appear here in intellij?
[11],Problem to execute javascript inside html on ios
[12],how to update a extended Django User model?
[13],Tex: how to align two rows not going one after another
[14],The sql string from queryset of django cannot be executed in pymysql?
